year,month,tokyo_mean,tokyo_high,tokyo_low,sapporo_mean,sapporo_high,sapporo_low,naha_mean,naha_high,naha_low
1994,1,5.5,16.8,-1.3,-4.7,2.6,-14,17.3,24.3,12
1994,2,6.6,16,-2.3,-1.3,7.4,-9.3,17.1,23.6,10.3
1994,3,8.1,18.7,2.3,-0.5,10.8,-9,17.1,24.5,11.2
1994,4,15.8,24.4,4.3,7,20.2,-1.2,22.4,28.3,16.6
1994,5,19.5,29.3,10.8,13.5,29.2,4.1,23.4,29.2,16.2
1994,6,22.4,31.7,14.3,16.9,28.1,9.6,26.9,32,20.3
1994,7,28.3,35.6,22.6,22.2,32.2,13.6,29.4,33.7,25
1994,8,28.9,39.1,20.4,24.8,36.2,17.6,28.7,32.8,23.2
1994,9,24.8,32.9,18.3,19.8,30.1,11.8,26.8,32,22.8
1994,10,20.2,27.9,11.9,12.4,22.5,1.6,24.4,30.1,20.2
1994,11,13.4,23.9,4.5,5.4,17,-4.1,22.5,27.7,17.6
1994,12,9,17.7,1.4,-1.4,12.1,-10.2,20.2,26.2,14.2
1995,1,6.3,16.1,-1.2,-3.3,7.1,-14.1,16.4,24.8,10.3
1995,2,6.5,13.9,0.1,-2.3,5.3,-12.5,15.7,22.5,9.4
1995,3,8.9,19.9,1,0.9,11.3,-10.4,17.6,25.3,9.1
1995,4,15,25.5,4.9,7.3,22.6,-0.3,22.1,29,13.1
1995,5,19.1,26.7,12.9,13.3,25.1,5.3,23.3,30.5,17.4
1995,6,20.4,28.8,14.9,15.6,25.1,9.1,26.3,31.1,22.1
1995,7,26.4,35.9,19.4,21.5,32.5,13.5,28.5,33.3,25
1995,8,29.4,36.4,24.5,21.3,28.2,16.2,29,33.3,24.6
1995,9,23.7,35.8,15.1,17.4,26.9,9,27.8,32.9,22.1
1995,10,19.5,27.8,12.3,13.1,22.5,4,26.1,31.4,21.4
1995,11,12.7,23.9,5.2,5.5,17,-2,21,28.1,12.9
1995,12,7.7,16.7,-0.6,0,8.2,-7.9,17.8,24.3,12.9
1996,1,6.6,19.9,-0.4,-3.7,5.2,-12.5,17.1,24.6,11.3
1996,2,5.4,20.9,-1.5,-3.4,9.9,-14.4,16.3,24.6,8.5
1996,3,9.2,23.1,0.7,0.5,10.2,-10,19,26.6,11.6
1996,4,12.7,26.2,3.7,5.8,21.9,-1.5,19.5,26.5,13.6
1996,5,18.1,30.5,10.5,10.5,29.1,2.9,22.4,26.9,18.5
1996,6,22.6,31.8,15.7,15.7,26.6,6.1,27.5,32.3,20.9
1996,7,26.2,34.8,17.2,20.4,30.3,11.5,29.4,33.9,25.2
1996,8,26,38.7,17.9,20.9,31.9,13.2,28.1,33.3,24.8
1996,9,22.4,34.5,14.8,18.2,26.6,9.4,27.9,33.2,23.8
1996,10,18,27.2,9.3,11.5,21,-0.1,24.6,29.7,19.8
1996,11,13.2,24.2,5.8,4.1,15.2,-5.2,23.2,29.2,16.4
1996,12,9.3,18.6,2.4,-0.7,9.2,-10.1,18.1,24,12
1997,1,6.8,16.4,-2.1,-2.5,6,-10.8,16.5,24,11.4
1997,2,7,18,-1.4,-1.8,9.6,-7.5,17.1,24.6,9.3
1997,3,10.5,25.1,3,0.2,14.1,-9.3,19.9,25.5,12.9
1997,4,15.2,27.2,8,7.2,23.1,-1.7,22,28.9,15.7
1997,5,19.2,27.9,11.3,11.9,26.1,3.1,24.6,29.7,18.1
1997,6,22.7,32.8,13.4,15.8,30.2,8.2,26.1,30.9,20.1
1997,7,26.6,37.7,19.4,22,32.6,14,28.4,32.6,24.4
1997,8,27,34.5,19.4,20.5,31.4,13.5,27.8,32.8,24.2
1997,9,22.9,32.9,15.4,17.1,27.8,8.3,26.8,32.1,19.5
1997,10,18.7,27.1,9.6,10.8,21.4,0.6,24.3,29,18.5
1997,11,14.3,24.4,6.9,7.1,17.6,0.1,22.6,28.3,17.5
1997,12,9.2,17.6,2.5,0.4,11.1,-7.1,19.7,26.1,14
1998,1,5.3,13.6,-0.8,-5.9,2.7,-14.5,18.7,25.9,10.9
1998,2,7,23.1,0.5,-3.6,5,-15.8,18.5,25.5,12
1998,3,10.1,24.5,0.7,1.6,14.7,-7.7,20.2,28.1,13.1
1998,4,16.3,27.1,2.5,9,28,-2.1,23.5,29.1,15.9
1998,5,20.5,29.3,10.6,13.5,27.9,2.4,26.1,30.6,21.5
1998,6,21.5,33.7,13.8,15.5,27.3,7.8,27.4,32.7,21.2
1998,7,25.3,36.1,17,20.3,31.5,12.6,29.5,33.4,24.1
1998,8,27.2,35.5,20.3,21.1,28.7,14.6,30.1,34.7,25.8
1998,9,24.4,32.8,17.7,19.2,29.8,9.7,28.4,32.7,24.9
1998,10,20.1,31.9,11.9,13.2,23.9,5.5,26.7,31.5,22.7
1998,11,13.9,25,5.3,3.2,17.6,-6.2,23,29.6,17.4
1998,12,9,18.4,2.4,-1.7,8.8,-8.9,20.2,26.4,14.7
1999,1,6.6,16.4,-0.9,-3.2,5.4,-13.5,18,23.6,13.3
1999,2,6.7,21.3,-1.4,-3.6,9.2,-12.5,17.4,25.7,10.1
1999,3,10.1,20.3,2.1,-0.5,12.8,-8.7,20.9,28.2,14.5
1999,4,15,24,5.4,6.9,23.8,-3.9,21.7,27,15.7
1999,5,19.9,31.9,10.9,11.9,29.2,3.5,23.7,29.4,18.2
1999,6,22.8,32.9,15.4,17.8,28.9,9,27.5,32.1,23.5
1999,7,25.9,34.2,17.2,22.1,33.1,12.7,28.3,33.1,24.3
1999,8,28.5,34.8,23.1,24.9,35.2,17.1,28.4,32.1,23.9
1999,9,26.2,34.2,18,19.7,29.4,8.8,28.2,33.3,23.2
1999,10,19.5,29.2,10.3,11.9,21.5,1.1,26.3,32,19.7
1999,11,14.2,23.8,7,5.5,16.6,-5.7,22.6,28,16.5
1999,12,9,18,1.7,-1.1,7.2,-8.1,18.4,26.6,10.4
2000,1,7.6,16.9,-0.7,-3.1,6.5,-14.7,17.9,24.7,10.3
2000,2,6,14.5,0,-3.8,2.6,-11.8,16.2,23.9,11.2
2000,3,9.4,19.9,1.5,0.2,11.2,-9.7,18.6,25.2,13
2000,4,14.5,24.1,6.4,6.1,15.2,-1.1,20.7,26.3,14.6
2000,5,19.8,30,12.9,14,27.5,5.3,23.1,29.3,17.2
2000,6,22.5,30.5,16.4,16.7,29.9,9.7,27.2,33.5,20.1
2000,7,27.7,34.9,19.9,22.2,36,15.3,28,32.5,23.4
2000,8,28.3,34.5,22.2,23.9,35.9,16.5,27.9,32.3,22.1
2000,9,25.6,37.8,17.8,18.6,27.2,10.4,26.3,32.3,20.4
2000,10,18.8,28.1,11.1,11.6,22.3,0.7,26.2,30.8,21.9
2000,11,13.3,23.1,5.3,3.9,18.3,-4.5,23.4,29.8,17.3
2000,12,8.8,20.2,1.7,-2.5,7,-10.5,19.9,26.1,13.9
2001,1,4.9,13.8,-2.4,-5.7,8.1,-15,17.7,24.4,10.8
2001,2,6.6,19.7,0,-5.5,4.3,-12.6,18.7,25.7,12.5
2001,3,9.8,22.8,1.1,0.2,12.7,-11.9,18.3,26.2,10.1
2001,4,15.7,26.2,1,8.3,24.5,-0.9,21.2,29.2,13.4
2001,5,19.5,27.5,8.7,13.4,29.8,2.2,23.5,28.9,18.7
2001,6,23.1,33.7,16.1,16.7,29.3,8.6,27.8,34.1,20.4
2001,7,28.5,38.1,21.9,20.7,28.9,12.7,29.9,34.4,26.3
2001,8,26.4,36.3,19.6,21.1,29.1,14.7,29.6,35.6,24.6
2001,9,23.2,32.6,13.2,17.1,26,6.7,27.5,33.3,22.8
2001,10,18.7,28.5,11.3,12.1,19.8,2.5,25.6,29.6,21.6
2001,11,13.1,21.8,6,5,16.4,-5.1,21.8,28.7,15
2001,12,8.4,16.7,0.9,-3.4,5.3,-10.8,19.2,26.3,11.3
2002,1,7.4,18.1,-0.3,-2.5,6.9,-11.7,17.1,23.9,10.8
2002,2,7.9,17.7,0.3,-0.6,9.8,-10,17.4,25.3,10
2002,3,12.2,23.9,3.9,2.5,12.8,-8.7,19.6,26.6,13.4
2002,4,16.1,28,9.1,9.6,20.3,1,22.4,29.1,13.7
2002,5,18.4,27.5,12.4,13.6,24.5,5.5,25.1,31,20.4
2002,6,21.6,31.1,15.6,15.9,28.5,6.9,27,33.3,21.9
2002,7,28,34.8,21.1,20.5,30.3,14,28.2,32.4,23.7
2002,8,28,35.8,20.7,20.1,30.6,14.4,28.7,32.7,24.7
2002,9,23.1,33.9,15.4,17.7,28.8,8.2,27.5,32.4,22.2
2002,10,19,29.4,9.1,12,25.4,3.2,24.7,31,19.5
2002,11,11.6,20.4,4.8,2.8,13.9,-5.4,21.1,26.7,14.1
2002,12,7.2,18.7,0,-3,10,-10.1,19.4,26.3,12.5
2003,1,5.5,13.8,-0.8,-3.6,5.9,-14.8,15.7,22.8,9.5
2003,2,6.4,14.5,0.9,-3.5,6.7,-13,18.1,24.9,12.2
2003,3,8.7,20.4,1.1,0.7,12.7,-10.3,18.4,26.3,12.7
2003,4,15.1,27.9,5.6,8.2,21,-1.8,22.6,29.1,16
2003,5,18.8,26.9,10.5,12.9,26.8,2.2,24.4,29.8,19.5
2003,6,23.2,33.3,16.4,17.1,27.7,7.2,26.6,32.1,21.1
2003,7,22.8,31.9,17.7,17.7,26.2,12.3,29.9,34.8,25.1
2003,8,26,34.3,18.4,20.7,29.1,14.2,29.6,35.5,25.4
2003,9,24.2,34.3,13.9,17.5,27.9,8.5,28.5,32.9,24.6
2003,10,17.8,28.7,12.1,11.6,21.2,3.7,24.7,30.3,18.2
2003,11,14.4,24.8,7.3,6.2,22.4,-4.4,23.8,29.7,16.8
2003,12,9.2,19,0.7,0,7.4,-6.9,18.7,25.7,12.8
2004,1,6.3,14.2,0.2,-2.5,4.5,-11,16.8,24.4,9.9
2004,2,8.5,21.6,0.2,-1.3,5.7,-9.2,17.1,25,11.8
2004,3,9.8,21.9,1.6,0.7,13.7,-10.2,19.2,25.5,10.2
2004,4,16.4,28.9,3.1,6.6,19.9,-3.6,21.9,28.2,13.4
2004,5,19.6,31.7,10.5,13.8,28.2,4.4,25.5,31.6,18.3
2004,6,23.7,32.3,16.3,18.5,30.6,9.1,26.7,32.1,21.7
2004,7,28.5,39.5,19.1,21.3,33.2,11.3,28.8,33.9,23.8
2004,8,27.2,36.5,18.1,21.9,33.2,12.7,29,33.4,24.6
2004,9,25.1,33.6,18.4,18.4,28.6,11,27.6,32.8,23.4
2004,10,17.5,28.2,8.6,12.5,24.3,0.3,24.9,29.8,20.7
2004,11,15.6,23.2,8.3,7.2,19.2,-5.2,22.6,28.9,16.6
2004,12,9.9,24.8,0.2,-0.8,10.9,-9.2,20.2,27,12.8
2005,1,6.1,18.5,-0.8,-3.5,7,-11.7,16.6,23.5,10.8
2005,2,6.2,19.4,-0.3,-3.9,3.2,-11.1,17.9,25.3,11.5
2005,3,9,19.3,0.5,0.1,9.2,-11,17.2,26.2,9
2005,4,15.1,28.1,4.6,6.2,18.9,-3.8,21.5,28.6,13.8
2005,5,17.7,27.2,9.3,10.7,24,3.2,24.2,29.5,20
2005,6,23.2,36.2,16.2,18.3,31.5,10.5,26.6,31.7,22
2005,7,25.6,35.6,18.5,20.1,30,12.9,29.2,33.9,25
2005,8,28.1,35.8,21.9,23.5,31.6,14.8,29,34.6,23.8
2005,9,24.7,33.1,16.9,18.8,30,10.6,28.2,32.8,23.8
2005,10,19.2,31.7,12.7,13.2,23,4.8,26.2,32.1,18.6
2005,11,13.3,24.1,5.2,5.5,19.8,-1.6,22.8,29.1,16.7
2005,12,6.4,15.9,-0.8,-2.6,6.3,-9.8,17.2,26.1,10
2006,1,5.1,14.7,-1.1,-4.1,3.3,-12.3,18.1,25.4,10.2
2006,2,6.7,19.9,-1.5,-2.7,7.7,-11,17.9,25.3,11.4
2006,3,9.8,19,1.5,1.3,8.7,-5.8,18.4,24.8,11.6
2006,4,13.6,22.4,6.3,5.2,17.8,-2.5,21.2,27.9,15.1
2006,5,19,29.4,9.2,12.9,26.3,4.2,24.8,30.9,18.9
2006,6,22.5,31.5,15.5,15.7,26.7,7.3,26.8,33.2,20.1
2006,7,25.6,36.1,20.3,20.6,30,14.7,29.1,35,24.7
2006,8,27.5,35.4,20.2,24.3,32.8,17.7,29.2,33.4,23.7
2006,9,23.5,34.8,16.6,18.5,26.8,9.6,27.8,32.9,20.6
2006,10,19.5,27,12.1,11.7,23.2,0.1,26.1,32,22
2006,11,14.4,24.9,5.8,6.2,16.9,-2.4,22.9,28,17.6
2006,12,9.5,20.3,3.7,-0.5,6.8,-6.4,19.7,26,14.4
2007,1,7.6,15,2,-1.8,6,-9.4,17.8,23.8,10.9
2007,2,8.6,17.3,0.2,-1.5,8.9,-9.2,18.2,24.9,11.4
2007,3,10.8,24.1,2.6,0.9,13.8,-7.4,19.6,27.3,13.4
2007,4,13.7,25.8,4,6.3,19.6,-0.8,20.7,27.3,13.9
2007,5,19.8,29,13,12.5,26.4,5.9,23.8,30.4,17.4
2007,6,23.2,31.5,15.7,18.8,28.7,9.4,26.7,31.8,22
2007,7,24.4,32.7,18.2,19.6,30.8,13.3,29.6,34.5,25.4
2007,8,29,37.5,23.1,23.5,34.2,16,28.8,33.5,24.5
2007,9,25.2,32.9,15.7,19.1,31.1,9,28.2,32.2,23.8
2007,10,19,26.5,12.8,11.7,22.3,2.4,26.6,31.9,21.7
2007,11,13.3,21.2,4.6,3.9,16.2,-6.1,22.2,29.8,17.3
2007,12,9,15.8,2.7,-0.6,6.6,-7.4,19.9,26.6,13.3
2008,1,5.9,13.9,0.8,-4.3,1.8,-12.6,18.5,25.9,12.9
2008,2,5.5,17,-0.1,-3.4,6.3,-13.2,16.1,24.7,10.7
2008,3,10.7,20.4,2.8,3.3,15.1,-6.6,18.7,25.9,10.7
2008,4,14.7,25.8,6.5,9.4,24.5,0.9,21.4,28.3,15
2008,5,18.5,29,9.2,12.4,26.3,1.9,24.1,30.7,16.9
2008,6,21.3,29.1,13.4,17,26.8,8.4,27.6,32.9,23.6
2008,7,27,34.5,18.6,21.4,31.4,12.7,29.4,33.8,24.8
2008,8,26.8,35.3,19.6,21.2,31,13.3,29,33.6,24.6
2008,9,24.4,32.3,15.4,19.2,29.2,8,28.2,32.7,23.5
2008,10,19.4,25.2,11.5,12.9,22.3,2.4,26.4,31.4,18.7
2008,11,13.1,22.3,5.5,4.6,18.7,-5.8,22.5,30.8,14.4
2008,12,9.8,19.9,1.8,0.8,11.8,-9.7,18.7,24.9,13.4
2009,1,6.8,15.3,0,-1.3,7.6,-9.9,16.7,24.8,9.3
2009,2,7.8,23.9,1.4,-2.2,8.1,-8.9,19.9,26.6,14.2
2009,3,10,23.2,1.1,1.5,9.7,-6.2,19.6,26.4,12.2
2009,4,15.7,26.1,5.4,7.7,23.4,-1.1,20.5,26.1,14.6
2009,5,20.1,29.3,12.6,13.9,28.4,3.8,23.7,30.3,18.1
2009,6,22.5,31.9,15.5,17.5,31.2,11,26.4,31.6,19.4
2009,7,26.3,34.2,20.2,19.7,29.1,14.4,29.2,34.1,21
2009,8,26.6,33.2,17.6,21.5,30.9,14.7,29.5,34.4,25.6
2009,9,23,31.5,17.7,17.8,26,10,29,34.6,24.3
2009,10,19,27.1,12.7,12.5,23.5,2.4,25.3,32.8,20.1
2009,11,13.5,25.9,5.5,5.1,18.5,-1.9,22.7,29,17.5
2009,12,9,17.4,1.1,-0.7,9.1,-8.9,18.3,25.6,11.8
2010,1,7,18,-0.3,-2,5.3,-9.1,16.8,24.4,9.1
2010,2,6.5,21,-0.4,-3.2,9.8,-12.6,18.3,26.1,12
2010,3,9.1,21.6,0.9,-0.1,9.6,-9.4,19.9,27.3,9.7
2010,4,12.4,25.5,1.4,5.5,15.1,-0.8,21.2,28.6,15.1
2010,5,19,30.9,11.4,12.2,24.9,4.5,23.8,30,16.5
2010,6,23.6,31.8,13.4,19.2,31.6,7.1,26.7,32,20.9
2010,7,28,36.3,19.9,22.1,32,15.4,28.7,33.2,24.3
2010,8,29.6,37.2,23.6,24.8,34.1,16.9,28.9,32.9,24.3
2010,9,25.1,35.9,13.9,20,31.7,8.5,28,32.6,23.4
2010,10,18.9,28.3,9.3,12.2,22.5,0.2,25.7,31.8,19.6
2010,11,13.5,22.4,7,5.9,17.3,-4,21.4,26.3,16.3
2010,12,9.9,23.7,2.1,0.6,12.2,-8.2,18.1,26.9,10.3
2011,1,5.1,12.2,-1.1,-3.8,3,-10.1,14.9,22.6,9.3
2011,2,7,20.8,-0.8,-1.1,9.3,-8.8,17.6,24.9,8.7
2011,3,8.1,20.2,1,0.7,10.5,-7.7,17.1,25.4,11.6
2011,4,14.5,24.8,4.3,6.9,18.9,-4.2,20.4,26.3,13.8
2011,5,18.5,29.6,12.2,11.1,24.4,3.3,23.9,30.3,16.3
2011,6,22.8,35.1,12.1,17.3,30.3,7,27.9,32.7,21.1
2011,7,27.3,34.8,18,21.8,30.8,14,28.9,32.9,25.1
2011,8,27.5,36.1,19.3,23.6,33.8,16.8,28.3,32.9,24.5
2011,9,25.1,32.5,15.9,19.2,32,9.8,27.9,32.5,23.7
2011,10,19.5,29.7,11.2,12.1,20.7,3.7,25.2,30.6,20.5
2011,11,14.9,22.7,7.2,6,17.7,-5.5,23.7,29.7,17.3
2011,12,7.5,18.9,1.5,-2,7.7,-9.6,18.6,25.4,13.3
2012,1,4.8,11.1,-1,-4.5,3.3,-11.5,17,23.6,11.6
2012,2,5.4,15.4,-1,-4.4,4.8,-12.1,17.5,25,11.9
2012,3,8.8,19.4,2,0.1,14.4,-10,19.6,26.7,12.5
2012,4,14.5,26,5.1,7,25,-4.4,21.7,28.3,14.4
2012,5,19.6,27.2,11.9,13,25.8,4.6,24.4,29,19.4
2012,6,21.4,30.2,15.2,17.1,30,9.3,26.9,31.6,22.9
2012,7,26.4,35.4,17.4,21.8,32.5,13.5,29.1,33.3,24.2
2012,8,29.1,35.7,22.9,23.4,32.9,16,28.5,32.9,25.1
2012,9,26.2,33.8,18,22.4,31.6,12.7,27.2,32.1,22.7
2012,10,19.4,31,11.8,13,23,3.9,24.6,29.4,19.1
2012,11,12.7,21.5,4.4,5.5,14.2,-3.5,21,26.8,16.3
2012,12,7.3,18.4,0.1,-2.3,7.1,-13.5,18.5,25.7,12.4
2013,1,5.5,14.4,-1.4,-4.7,2.7,-12.2,17,23.8,10.7
2013,2,6.2,20.9,-0.5,-4,7.6,-11.3,18.6,25.2,12.2
2013,3,12.1,25.3,3.2,0,9,-7.8,20.4,27.8,14
2013,4,15.2,23.4,5.3,6.3,16.4,-1.5,20.6,27.5,13.1
2013,5,19.8,28.5,10.5,11.3,27.6,2.2,23.7,30.5,17.7
2013,6,22.9,30.2,14.7,17.6,29.2,9.7,27.9,32.4,22.8
2013,7,27.3,35.4,21,22.5,33.1,15.9,29.4,34.7,25.7
2013,8,29.2,38.3,20.3,23.1,31.7,14.9,29.6,34.8,25
2013,9,25.2,35.7,15.7,18.8,28.6,6.6,28.3,33.6,23.4
2013,10,19.8,31.3,12,12.9,24.6,3.7,25.3,30.8,19.9
2013,11,13.5,21.5,5.9,6.3,16.4,-3,21.3,28.5,13.9
2013,12,8.3,17.6,0.5,0.8,11,-5.6,17.3,23.6,10.3
2014,1,6.3,15.9,-0.2,-4.1,8.5,-11.4,16.8,23.5,10.6
2014,2,5.9,18.6,-0.9,-3.5,7.8,-14.3,17.9,24.1,11.7
2014,3,10.4,22.3,1.3,0.5,13.6,-8,18.4,26.1,12
2014,4,15,23.9,6.3,7.3,24.7,-0.8,20.9,27.2,14
2014,5,20.3,31.6,11.2,14,30,4.9,23.6,30.1,17.3
2014,6,23.4,33.1,17.7,18.7,33.7,13.3,26.9,32.5,20.4
2014,7,26.8,35.6,20.1,22.5,32.4,16.6,29.3,33.9,23.8
2014,8,27.7,36.1,19.6,22.4,31.7,14.2,28.7,33.1,23.9
2014,9,23.2,31.6,16.4,18.1,27.5,9.4,28.8,33.3,25
2014,10,19.1,29.8,11.9,11.3,21.4,0.6,25.4,32,20.7
2014,11,14.2,22.4,6.9,6.1,17.4,-2.8,22.6,28.4,17.4
2014,12,6.7,16.2,-1.3,-1.3,11.3,-8.2,17.6,24.6,12
2015,1,5.8,16.4,-2.2,-1.5,5.3,-9.4,16.6,23.5,9.8
2015,2,5.7,19.2,-2.4,-0.8,7.6,-10.1,16.8,25,9.6
2015,3,10.3,23.6,-0.4,3.8,16.3,-4.5,19,25.5,11.4
2015,4,14.5,27.2,2.4,8.7,25.9,-1.3,22.2,28.8,16.7
2015,5,21.1,32.2,11.6,14.2,29.6,6.5,24.9,30.5,18.8
2015,6,22.1,31.4,13.4,16.7,27.8,9.4,28.7,32.5,24.4
2015,7,26.2,35.8,17.6,21.3,31.3,11.5,29,33.8,23.8
2015,8,26.7,37.7,17.9,22.4,34.5,14.7,28.7,32.8,24.9
2015,9,22.6,31.5,16.1,18.4,27,9.8,27.8,32.6,23.8
2015,10,18.4,28.1,10.3,10.8,22.1,1.3,25.5,32,20
2015,11,13.9,23.7,3.9,5.4,18.5,-6.9,23.8,29.8,16.6
2015,12,9.3,24.1,1.9,0.8,10.7,-8,20.1,26.9,14
2016,1,6.1,16.2,-2.6,-3.5,4,-10.7,17.4,26.6,6.1
2016,2,7.2,23,0.1,-2.3,8.3,-10.9,16.9,25.9,9.8
2016,3,10.1,21.4,1.1,2.1,13.5,-6.9,18.7,24.8,11.4
2016,4,15.4,26.8,5.1,7.8,21.1,0.1,23,28.7,16
2016,5,20.2,30.9,11.9,14.9,29.7,1.7,25.7,31.1,19.2
2016,6,22.4,33,14.2,16.3,28.4,8.4,28.4,33.1,23.3
2016,7,25.4,36.7,19,20.7,30.5,13.4,29.8,33.6,25.4
2016,8,27.1,37.7,21.3,23.9,31.9,15.1,29.5,33.9,24.7
2016,9,24.4,33,17.6,19.4,31.1,9.5,28.4,32.8,24.9
2016,10,18.7,32,9.6,10.6,24.7,0.5,27.7,31.7,23.5
2016,11,11.4,20.8,0.3,2.1,14.5,-7,23.2,29.9,17.9
2016,12,8.9,20.2,0,-1,11.9,-9.2,20.5,28.2,14.9
2017,1,5.8,19.5,-2.3,-3.9,4.7,-12.8,18.4,25,12.3
2017,2,6.9,20.6,-1.6,-2,8.3,-10.8,17.1,24.3,10.7
2017,3,8.5,18.7,0,1.4,9.6,-5.7,18.3,25,11.8
2017,4,14.7,26.1,4.5,7.7,20,-2.4,21.6,27.1,14.8
2017,5,20,30.9,11.3,14.4,27.7,4.2,24.2,29.7,18.7
2017,6,22,30.6,14.8,16,29.6,7.2,26.6,33.2,19.9
2017,7,27.3,35,20.9,22.9,34.9,16,29.9,35.1,24.9
2017,8,26.4,37.1,20,21.7,29.6,12.5,30.4,34.9,26.4
2017,9,22.8,33.3,16,17.7,26.9,7.6,28.9,33.9,23
2017,10,16.8,29,9.1,11.3,22.3,1.4,27,33,20
2017,11,11.9,21.9,3.2,4.3,17.4,-6.6,22.8,27.9,15.9
2017,12,6.6,16,-0.2,-2,8.8,-9,18,25.5,13.1
2018,1,4.7,16,-4,-2.6,5.9,-12.7,17.2,24.1,9.3
2018,2,5.4,15.1,-1.8,-4.2,4.4,-11.1,16.9,24.7,9.6
2018,3,11.5,24.2,1.7,2.4,16.4,-7.8,19.9,27.4,12.8
2018,4,17,28.3,5.5,8.2,24.5,-0.3,21.6,28.4,13.2
2018,5,19.8,29,9,13.4,28.2,5.6,25.6,31.6,16.7
2018,6,22.4,32.9,14.2,16.6,30.7,7.2,27.8,32.9,23.2
2018,7,28.3,39,19.1,21.4,33.9,10.5,28.3,33.1,24.5
2018,8,28.1,37.3,18.3,21.2,32.5,12.8,28.5,32.4,24.2
2018,9,22.9,33,14.1,18.9,28.2,10.2,28.4,32.5,24.8
2018,10,19.1,32.3,11.6,13,22.1,4.3,23.9,28.3,18.8
2018,11,14,22.8,5.8,6.4,17.9,-4,23.1,27.6,18.9
2018,12,8.3,23.4,-0.7,-1,13,-8.9,20.4,29.4,13.2
2019,1,5.6,14,-1.2,-3,4.1,-12.3,18.1,24.9,12
2019,2,7.2,19.5,-1.2,-2.6,8.1,-13.1,20,26.3,12.2
2019,3,10.6,23.9,1.1,2.5,13.7,-4.6,19.9,27,14.6
2019,4,13.6,25.6,2.3,8,23.2,-1.4,22.3,29.1,14.5
2019,5,20,32.6,7.9,15.7,34.2,5.9,24.2,30.3,17.8
2019,6,21.8,32.3,13.9,17.4,29.4,9.7,26.5,32.6,19.7
2019,7,24.1,34.6,17.7,21.7,33.5,14.8,28.9,33.9,24.1
2019,8,28.4,35.6,20.7,22.5,34.2,15.7,29.2,33.3,24.9
2019,9,25.1,36.2,17.1,19.3,32.6,9.8,28,33.4,23.2
2019,10,19.4,30.3,12.1,13.3,25.7,3.8,26,31.8,21.1
2019,11,13.1,23.9,1.6,3.9,16.8,-5.4,23.1,28.7,17.9
2019,12,8.5,18.9,2.2,-0.8,10.2,-7.7,20,27.5,14.9
2020,1,7.1,18.6,0.6,-2.3,3.9,-8.8,18.7,27,12.5
2020,2,8.3,18.2,-2.1,-2.1,8.5,-14.9,18.7,26.7,11.8
2020,3,10.7,24.6,0.7,3.3,14.1,-3.8,20.1,26.2,13.2
2020,4,12.8,24.2,5.3,6.8,20.9,0,19.8,27.3,15.4
2020,5,19.5,28.7,10.7,13.7,29.9,4.8,24.8,30.7,18.2
2020,6,23.2,32.6,17.1,18.3,30,10.9,28.1,32.3,22.4
2020,7,24.3,32.5,17.4,21.2,29.3,15.3,29.3,34.1,24.1
2020,8,29.1,37.3,21.8,23.3,34.3,13.2,29.4,34.7,24.4
2020,9,24.2,35.1,14.7,20.1,32.7,10.6,27.7,33.1,22.5
2020,10,17.5,26.7,9.2,13.1,22.8,4.6,25.8,31.1,19.5
2020,11,14,24.9,5.2,6.3,18.9,-1.2,23.4,29.8,18.6
2020,12,7.7,17.2,-0.6,-1.6,7.6,-12.6,19.2,25.9,10.6
2021,1,5.4,18.7,-2.4,-4.4,6.2,-12.6,16.8,23.3,9.7
2021,2,8.5,21.9,-0.5,-2.2,7.5,-10.8,18.5,25,11.1
2021,3,12.8,23.4,2.3,3.8,18.3,-7.4,20.8,26.6,13.8
2021,4,15.1,26.2,6,7.9,19,-1.2,21.7,27.4,15.8
2021,5,19.6,28.9,10.9,13.1,24.3,3.2,25.8,31.1,19.2
2021,6,22.7,31.4,15.1,18.9,30.6,8.8,27.1,31.9,22.5
2021,7,25.9,34.7,19.3,23.9,35.1,16.4,28.8,33.4,24.8
2021,8,27.4,36.8,18.4,22.9,35,13.2,28.7,33.1,25.3
2021,9,22.3,31.7,16.8,18.8,26.7,10.8,28.8,33.5,24.3
2021,10,18.2,30.1,7.9,12.5,27.3,3.2,26,31.5,19.8
2021,11,13.7,22.1,3.8,7.3,15.3,-0.5,21.8,27.5,15.8
2021,12,7.9,20.3,-2.2,-0.5,14.6,-10,18.9,25.1,12.5
2022,1,4.9,13.4,-3.5,-3.2,2.8,-10.4,17.7,23.3,11.7
2022,2,5.2,18.5,-1.9,-2.2,8,-9.4,17.2,24.3,12.2
2022,3,10.9,24.1,0.5,2.6,13.1,-3.5,20.4,26.8,13.6
2022,4,15.3,27.7,3.6,9.1,23.2,-0.9,22.7,29.9,16.2
2022,5,18.8,31.2,9.3,14.9,27.9,5.3,23.5,29.9,16.4
2022,6,23,36.4,14.7,16.8,30.6,7.9,27,32.6,21.5
2022,7,27.4,37,21.8,23.1,32.9,16.9,29.4,33.6,24.6
2022,8,27.5,36.4,18.6,22.7,30.5,16.4,29.9,33.8,23.9
2022,9,24.4,32.7,16.5,19.8,30,8.6,28.3,32.6,24.2
2022,10,17.2,29.6,8.5,12.6,29.7,0.8,26,31.4,19.6
2022,11,14.5,24.3,7.7,7.1,17.1,-4,23.6,28.3,19.3
2022,12,7.5,15.9,-0.1,-1.4,7.7,-9.3,18.6,27,13.1
2023,1,5.7,14.2,-3.4,-4.4,7.6,-13.2,17.5,25.4,8.4
2023,2,7.3,19.4,-0.7,-2.7,11.2,-10.5,19,25.6,14.2
2023,3,12.9,25,3.6,4.9,19.1,-5.4,20,27.3,12.3
2023,4,16.3,26.8,6.6,9.2,21.1,1.5,22.5,28.7,15.2
2023,5,19,32.2,10.1,13.8,28.9,4.7,24.3,30,18.9
2023,6,23.2,33.8,15.3,19.3,31.2,8.2,27.2,32.8,23.6
2023,7,28.7,37.7,20.7,23.8,34.4,17,29.6,34.3,25.4
2023,8,29.2,36.7,22.2,26.7,36.3,19.7,28.6,34,24.6
2023,9,26.7,34.9,18.5,21.5,29.8,12,28.7,33.1,24.6
2023,10,18.9,29.9,11.4,13.3,24.5,3.1,26,32.3,20.7
2023,11,14.4,27.5,5.3,6.7,21.5,-5.2,22.6,29.2,16.4
2023,12,9.4,21.1,0.1,-0.7,11.4,-8.2,19.7,27.4,12.7
2024,1,7.1,15.6,-1.1,-1.8,5.4,-10.6,17.9,26.3,12
2024,2,8,23.7,-0.1,-1.9,13.9,-9,19.8,26.7,14.6
2024,3,9.6,28.1,0.4,0.8,11.8,-8.3,19.5,26.6,12.9
2024,4,17.1,28.2,7.4,10.4,27.9,0.5,23.9,30.1,19.2
2024,5,20,29,8.7,14.2,25.1,3.9,24.7,30.7,18.2
2024,6,23.1,33.4,14.8,19,31.3,10.5,26.9,33.6,18.1
2024,7,28.7,37.3,22.1,23.3,34.7,13.9,30.5,36,25.6
2024,8,29,35.9,23.3,24.6,34.1,18.2,30.2,34.3,25.3
2024,9,26.6,35.1,17.7,19.9,31.5,10,28.8,33.6,23.9
2024,10,20.6,31.9,11.5,13.8,26.3,2.8,27.6,32.1,22.5
2024,11,13.7,23.8,5.5,6,15.7,-3,23.9,30.6,17.4
